label,formula,e_above_hull,a,b,c,alpha,beta,gamma,density,coor_number,n_atom,spacegroup,crystal_system,CS_type,band_gap,formation_energy_per_atom
FM0,CeMg2,0.023970338,3.14110995,3.14110995,17.194201,90,90,119.999999,4.266108688,12,6,194,5,5,0,-0.001103172
FM1,CeSiPt,0,7.88371428,7.88371428,7.88371428,149.4459398,149.4459398,43.75531594,9.554741855,10,6,109,4,4,0,-1.107258205
FM2,TlF,0.005572794,3.842626,3.842626,6.317102,90,90,90,7.953395291,1,4,129,4,4,3.007,-1.961235623
FM3,LiMnF3,0.034104604,5.82970471,5.82970471,5.82970448,55.15543882,55.15543882,55.15544207,3.175743146,3.6,10,167,1,1,3.1387,-3.013268004
FM4,KLaF4,0.012266506,6.63708847,7.62344104,7.62344104,60.15770598,115.7400698,115.7400698,4.372347763,6,18,8,2,2,6.1269,-4.015777606
